19,ValjakR8V10,401
19,ValjakR8V10,402
19,ValjakR8V10,403
19,ValjakR8V10,404
19,ValjakR8V10,405
19,ValjakR8V10,406
19,ValjakR8V10,407
19,ValjakR8V10,408
19,ValjakR8V10,409
19,ValjakR8V10,410
19,ValjakR8V10,411
19,ValjakR8V10,412
19,ValjakR8V10,413
19,ValjakR8V10,414
19,ValjakR8V10,415
19,ValjakR8V10,416
19,ValjakR8V10,417
19,ValjakR8V10,418
19,ValjakR8V10,419
19,ValjakR8V10,420
19,ValjakR8V10,421
19,ValjakR8V10,422
19,ValjakR8V10,423
19,ValjakR8V10,424
19,ValjakR8V10,425
19,ValjakR8V10,426
19,ValjakR8V10,427
19,ValjakR8V10,428
19,ValjakR8V10,429
19,ValjakR8V10,430
19,ValjakR8V10,431
19,ValjakR8V10,432
19,ValjakR8V10,433
19,ValjakR8V10,434
19,ValjakR8V10,435
19,ValjakR8V10,436
19,ValjakR8V10,437
19,ValjakR8V10,438
19,ValjakR8V10,439
19,ValjakR8V10,440
19,ValjakR8V10,441
19,ValjakR8V10,442
19,ValjakR8V10,443
19,ValjakR8V10,444
19,ValjakR8V10,445
19,ValjakR8V10,446
19,ValjakR8V10,447
19,ValjakR8V10,448
19,ValjakR8V10,449
19,ValjakR8V10,450
19,ValjakR8V10,451
19,ValjakR8V10,452
19,ValjakR8V10,453
19,ValjakR8V10,454
19,ValjakR8V10,455
19,ValjakR8V10,456
19,ValjakR8V10,457
19,ValjakR8V10,458
19,ValjakR8V10,459
19,ValjakR8V10,460
19,ValjakR8V10,461
19,ValjakR8V10,462
19,ValjakR8V10,463
19,ValjakR8V10,464
19,ValjakR8V10,465
19,ValjakR8V10,466
19,ValjakR8V10,467
19,ValjakR8V10,468
19,ValjakR8V10,469
19,ValjakR8V10,470
19,ValjakR8V10,471
19,ValjakR8V10,472
19,ValjakR8V10,473
19,ValjakR8V10,474
19,ValjakR8V10,475
19,ValjakR8V10,476
19,ValjakR8V10,477
19,ValjakR8V10,478
19,ValjakR8V10,479
19,ValjakR8V10,480
19,ValjakR8V10,481
19,ValjakR8V10,482
19,ValjakR8V10,483
19,ValjakR8V10,484
19,ValjakR8V10,485
19,ValjakR8V10,486
19,ValjakR8V10,487
19,ValjakR8V10,488
19,ValjakR8V10,489
19,ValjakR8V10,490
19,ValjakR8V10,491
19,ValjakR8V10,492
19,ValjakR8V10,493
19,ValjakR8V10,494
19,ValjakR8V10,495
19,ValjakR8V10,496
19,ValjakR8V10,497
19,ValjakR8V10,498
19,ValjakR8V10,499
19,ValjakR8V10,500
19,ValjakR8V10,501
